Club,Unnamed: 1
Finance Society,726
Office of Student Engagement,705
Beta Alpha Psi,654
Undergraduate Stern Women in Business,598
Management Consulting Group,576
Business Analytics Club,531
Stern Investment Analysis Group,513
Quantitative Finance Society,496
Alpha Kappa Psi,491
Inter-Club Council,440
Entrepreneurial Exchange Group,416
Net Impact,409
Stern Accounting Society,394
International Business Association,389
Delta Sigma Pi,348
Stern & Tisch Entertainment Business Association,346
Luxury and Retail Association,343
Stern Class of 2019,343
Strategic Venture Society,328
Stern Class of 2020,308
