Unnamed: 0,Unnamed: 1,Longitude,Longitude.1,Longitude.2,Longitude.3,Longitude.4,Longitude.5,Longitude.6,Longitude.7,Longitude.8,Longitude.9,Longitude.10,Longitude.11,Longitude.12,Longitude.13,Longitude.14,Longitude.15,Longitude.16,Longitude.17,Longitude.18,Longitude.19,Longitude.20,Longitude.21,Longitude.22,Longitude.23,Longitude.24,Longitude.25,Longitude.26,Longitude.27,Longitude.28,Longitude.29,Longitude.30,Longitude.31,Longitude.32,Longitude.33,Longitude.34,Longitude.35,Longitude.36,Longitude.37,Longitude.38,Longitude.39,Longitude.40,Longitude.41,Longitude.42,Longitude.43,Longitude.44,Longitude.45,Longitude.46,Longitude.47,Longitude.48,Longitude.49,Longitude.50,Longitude.51,Longitude.52,Longitude.53,Longitude.54,Longitude.55,Longitude.56,Longitude.57,Longitude.58,Longitude.59,Longitude.60,Longitude.61,Longitude.62,Longitude.63,Longitude.64,Longitude.65,Longitude.66,Longitude.67,Longitude.68,Longitude.69,Longitude.70,Longitude.71,Longitude.72,Longitude.73,Longitude.74,Longitude.75,Longitude.76,Longitude.77,Longitude.78,Longitude.79,Longitude.80,Longitude.81,Longitude.82,Longitude.83,Longitude.84,Longitude.85,Longitude.86,Longitude.87,Longitude.88,Longitude.89,Longitude.90,Longitude.91,Longitude.92,Longitude.93,Longitude.94,Longitude.95,Longitude.96,Longitude.97,Longitude.98,Longitude.99,Longitude.100,Longitude.101,Longitude.102,Longitude.103,Longitude.104,Longitude.105,Longitude.106,Longitude.107,Longitude.108,Longitude.109,Longitude.110,Longitude.111,Longitude.112,Longitude.113,Longitude.114,Longitude.115,Longitude.116,Longitude.117,Longitude.118,Longitude.119,Longitude.120,Longitude.121,Longitude.122,Longitude.123,Longitude.124,Longitude.125,Longitude.126,Longitude.127,Longitude.128,Longitude.129,Longitude.130,Longitude.131,Longitude.132,Longitude.133,Longitude.134,Longitude.135,Longitude.136,Longitude.137,Longitude.138,Longitude.139,Longitude.140,Longitude.141,Longitude.142,Longitude.143,Longitude.144,Longitude.145,Longitude.146,Longitude.147,Longitude.148,Longitude.149,Longitude.150,Longitude.151,Longitude.152,Longitude.153,Longitude.154,Longitude.155,Longitude.156,Longitude.157,Longitude.158,Longitude.159,Longitude.160,Longitude.161,Longitude.162,Longitude.163,Longitude.164,Longitude.165,Longitude.166,Longitude.167,Longitude.168,Longitude.169,Longitude.170,Longitude.171,Longitude.172,Longitude.173,Longitude.174,Longitude.175,Longitude.176,Longitude.177,Longitude.178,Longitude.179,Longitude.180,Longitude.181,Longitude.182,Longitude.183,Longitude.184,Longitude.185,Longitude.186,Longitude.187,Longitude.188,Longitude.189,Longitude.190,Longitude.191,Longitude.192,Longitude.193,Longitude.194,Longitude.195,Longitude.196,Longitude.197,Longitude.198,Longitude.199,Longitude.200,Longitude.201,Longitude.202,Longitude.203,Longitude.204,Longitude.205,Longitude.206,Longitude.207,Longitude.208,Longitude.209,Longitude.210,Longitude.211,Longitude.212,Longitude.213,Longitude.214,Longitude.215,Longitude.216,Longitude.217,Longitude.218,Longitude.219,Longitude.220,Longitude.221,Longitude.222,Longitude.223,Longitude.224,Longitude.225,Longitude.226,Longitude.227,Longitude.228,Longitude.229,Longitude.230,Longitude.231,Longitude.232,Longitude.233,Longitude.234,Longitude.235,Longitude.236,Longitude.237,Longitude.238,Longitude.239,Longitude.240,Longitude.241,Longitude.242,Longitude.243,Longitude.244,Longitude.245,Longitude.246,Longitude.247,Longitude.248,Longitude.249,Longitude.250,Longitude.251,Longitude.252,Longitude.253,Longitude.254,Longitude.255,Longitude.256,Longitude.257,Longitude.258,Longitude.259,Longitude.260,Longitude.261,Longitude.262,Longitude.263,Longitude.264,Longitude.265,Longitude.266,Longitude.267,Longitude.268,Longitude.269,Longitude.270,Longitude.271,Longitude.272,Longitude.273,Longitude.274,Longitude.275,Longitude.276,Longitude.277,Longitude.278,Longitude.279,Longitude.280,Longitude.281,Longitude.282,Longitude.283,Longitude.284,Longitude.285,Longitude.286,Longitude.287,Longitude.288,Longitude.289,Longitude.290,Longitude.291,Longitude.292,Longitude.293,Longitude.294,Longitude.295,Longitude.296,Longitude.297,Longitude.298,Longitude.299,Longitude.300,Longitude.301,Longitude.302,Longitude.303,Longitude.304,Longitude.305,Longitude.306,Longitude.307,Longitude.308,Longitude.309,Longitude.310,Longitude.311,Longitude.312,Longitude.313,Longitude.314,Longitude.315,Longitude.316,Longitude.317,Longitude.318,Longitude.319,Longitude.320,Longitude.321,Longitude.322,Longitude.323,Longitude.324,Longitude.325,Longitude.326,Longitude.327,Longitude.328,Longitude.329,Longitude.330,Longitude.331,Longitude.332,Longitude.333,Longitude.334,Longitude.335,Longitude.336,Longitude.337,Longitude.338,Longitude.339,Longitude.340,Longitude.341,Longitude.342,Longitude.343,Longitude.344,Longitude.345,Longitude.346,Longitude.347,Longitude.348,Longitude.349,Longitude.350,Longitude.351,Longitude.352,Longitude.353,Longitude.354,Longitude.355,Longitude.356,Longitude.357,Longitude.358,Longitude.359,Longitude.360,Longitude.361,Longitude.362,Longitude.363,Longitude.364,Longitude.365,Longitude.366,Longitude.367,Longitude.368,Longitude.369,Longitude.370,Longitude.371,Longitude.372,Longitude.373,Longitude.374,Longitude.375,Longitude.376,Longitude.377,Longitude.378,Longitude.379,Longitude.380,Longitude.381,Longitude.382,Longitude.383,Longitude.384,Longitude.385,Longitude.386,Longitude.387,Longitude.388,Longitude.389,Longitude.390,Longitude.391,Longitude.392,Longitude.393,Longitude.394,Longitude.395,Longitude.396,Longitude.397,Longitude.398,Longitude.399,Longitude.400,Longitude.401,Longitude.402,Longitude.403,Longitude.404,Longitude.405,Longitude.406,Longitude.407,Longitude.408,Longitude.409,Longitude.410,Longitude.411,Longitude.412,Longitude.413,Longitude.414,Longitude.415,Longitude.416,Longitude.417,Longitude.418,Longitude.419,Longitude.420,Longitude.421,Longitude.422,Longitude.423,Longitude.424,Longitude.425,Longitude.426,Longitude.427,Longitude.428,Longitude.429,Longitude.430,Longitude.431,Longitude.432,Longitude.433,Longitude.434,Longitude.435,Longitude.436,Longitude.437,Longitude.438,Longitude.439,Longitude.440,Longitude.441,Longitude.442,Longitude.443,Longitude.444,Longitude.445,Longitude.446,Longitude.447,Longitude.448,Longitude.449,Longitude.450,Longitude.451,Longitude.452,Longitude.453,Longitude.454,Longitude.455,Longitude.456,Longitude.457,Longitude.458,Longitude.459,Longitude.460,Longitude.461,Longitude.462,Longitude.463,Longitude.464,Longitude.465,Longitude.466,Longitude.467,Longitude.468,Longitude.469,Longitude.470,Longitude.471,Longitude.472,Longitude.473,Longitude.474,Longitude.475,Longitude.476,Longitude.477,Longitude.478,Longitude.479,Longitude.480,Longitude.481,Longitude.482,Longitude.483,Longitude.484,Longitude.485,Longitude.486,Longitude.487,Longitude.488,Longitude.489,Longitude.490,Longitude.491,Longitude.492,Longitude.493,Longitude.494,Longitude.495,Longitude.496,Longitude.497,Longitude.498,Longitude.499,Longitude.500,Longitude.501,Longitude.502,Longitude.503,Longitude.504,Longitude.505,Longitude.506,Longitude.507,Longitude.508,Longitude.509,Longitude.510,Longitude.511,Longitude.512,Longitude.513,Longitude.514,Longitude.515,Longitude.516,Longitude.517,Longitude.518,Longitude.519,Longitude.520,Longitude.521,Longitude.522,Longitude.523,Longitude.524,Longitude.525,Longitude.526,Longitude.527,Longitude.528,Longitude.529,Longitude.530,Longitude.531,Longitude.532,Longitude.533,Longitude.534,Longitude.535,Longitude.536,Longitude.537,Longitude.538,Longitude.539,Longitude.540,Longitude.541,Longitude.542,Longitude.543,Longitude.544,Longitude.545,Longitude.546,Longitude.547,Longitude.548,Longitude.549,Longitude.550,Longitude.551,Longitude.552,Longitude.553,Longitude.554,Longitude.555,Longitude.556,Longitude.557,Longitude.558,Longitude.559,Longitude.560,Longitude.561,Longitude.562,Longitude.563,Longitude.564,Longitude.565,Longitude.566,Longitude.567,Longitude.568,Longitude.569,Longitude.570,Longitude.571,Longitude.572,Longitude.573,Longitude.574,Longitude.575,Longitude.576,Longitude.577,Longitude.578,Longitude.579,Longitude.580,Longitude.581,Longitude.582,Longitude.583,Longitude.584,Longitude.585,Longitude.586,Longitude.587,Longitude.588,Longitude.589,Longitude.590,Longitude.591,Longitude.592,Longitude.593,Longitude.594,Longitude.595,Longitude.596,Longitude.597,Longitude.598,Longitude.599,Longitude.600,Longitude.601,Longitude.602,Longitude.603,Longitude.604,Longitude.605,Longitude.606,Longitude.607,Longitude.608,Longitude.609,Longitude.610,Longitude.611,Longitude.612,Longitude.613,Longitude.614,Longitude.615,Longitude.616,Longitude.617,Longitude.618,Longitude.619,Longitude.620,Longitude.621,Longitude.622,Longitude.623,Longitude.624,Longitude.625,Longitude.626,Longitude.627,Longitude.628,Longitude.629,Longitude.630,Longitude.631,Longitude.632,Longitude.633,Longitude.634,Longitude.635,Longitude.636,Longitude.637,Longitude.638,Longitude.639,Longitude.640,Longitude.641,Longitude.642,Longitude.643,Longitude.644,Longitude.645,Longitude.646,Longitude.647,Longitude.648,Longitude.649,Longitude.650,Longitude.651,Longitude.652,Longitude.653,Longitude.654,Longitude.655,Longitude.656,Longitude.657,Longitude.658,Longitude.659,Longitude.660,Longitude.661,Longitude.662,Longitude.663,Longitude.664,Longitude.665,Longitude.666,Longitude.667,Longitude.668,Longitude.669,Longitude.670,Longitude.671,Longitude.672,Longitude.673,Longitude.674,Longitude.675,Longitude.676,Longitude.677,Longitude.678,Longitude.679,Longitude.680,Longitude.681,Longitude.682,Longitude.683,Longitude.684,Longitude.685,Longitude.686,Longitude.687,Longitude.688,Longitude.689,Longitude.690,Longitude.691,Longitude.692,Longitude.693,Longitude.694,Longitude.695,Longitude.696,Longitude.697,Longitude.698,Longitude.699,Longitude.700,Longitude.701,Longitude.702,Longitude.703,Longitude.704,Longitude.705,Longitude.706,Longitude.707,Longitude.708,Longitude.709,Longitude.710,Longitude.711,Longitude.712,Longitude.713,Longitude.714,Longitude.715,Longitude.716,Longitude.717,Longitude.718,Longitude.719,Longitude.720,Longitude.721,Longitude.722,Longitude.723,Longitude.724,Longitude.725,Longitude.726,Longitude.727,Longitude.728,Longitude.729,Longitude.730,Longitude.731,Longitude.732,Longitude.733,Longitude.734,Longitude.735,Longitude.736,Longitude.737,Longitude.738,Longitude.739,Longitude.740,Longitude.741,Longitude.742,Longitude.743,Longitude.744,Longitude.745,Longitude.746,Longitude.747,Longitude.748,Longitude.749,Longitude.750,Longitude.751,Longitude.752,Longitude.753,Longitude.754,Longitude.755,Longitude.756,Longitude.757,Longitude.758,Longitude.759,Longitude.760,Longitude.761,Longitude.762,Longitude.763,Longitude.764,Longitude.765,Longitude.766,Longitude.767,Longitude.768,Longitude.769,Longitude.770,Longitude.771,Longitude.772,Longitude.773,Longitude.774,Longitude.775,Longitude.776,Longitude.777,Longitude.778,Longitude.779,Longitude.780,Longitude.781,Longitude.782,Longitude.783,Longitude.784,Longitude.785,Longitude.786,Longitude.787,Longitude.788,Longitude.789,Longitude.790,Longitude.791,Longitude.792,Longitude.793,Longitude.794,Longitude.795,Longitude.796,Longitude.797,Longitude.798,Longitude.799,Longitude.800,Longitude.801,Longitude.802,Longitude.803,Longitude.804,Longitude.805,Longitude.806,Longitude.807,Longitude.808
Latitude,Type of the Crime,,-87.843121077,-87.829657767,-87.827712335,-87.823303544,-87.811939784,-87.810894868,-87.800821338,-87.800786589,-87.798938942,-87.797623522,-87.797554615,-87.796708423,-87.795612742,-87.79477297,-87.788253508,-87.787713578,-87.787528322,-87.784501278,-87.780130326,-87.778448036,-87.778357781,-87.778203045,-87.776483341,-87.775957747,-87.775157527,-87.774418087,-87.77398778,-87.773987238,-87.773975293,-87.773735865,-87.773087231,-87.772955203,-87.772872708,-87.772745617,-87.77182211,-87.771608534,-87.771135945,-87.770811849,-87.770783022,-87.76926509,-87.768938173,-87.768294247,-87.767589467,-87.767323748,-87.76564767,-87.765633246,-87.765566855,-87.765442195,-87.765359316,-87.764858721,-87.764600261,-87.764550294,-87.764237218,-87.764061925,-87.763379746,-87.763278976,-87.763260817,-87.762496625,-87.762141971,-87.761639384,-87.760594937,-87.759595922,-87.759559887,-87.759290438,-87.758884298,-87.758467078,-87.758386927,-87.758277435,-87.757677059,-87.75766982,-87.757668824,-87.757158767,-87.756416422,-87.754974025,-87.753258605,-87.753233363,-87.752911026,-87.752639937,-87.752069496,-87.752066146,-87.751950901,-87.751800303,-87.751690918,-87.751570506,-87.749825967,-87.749169703,-87.749082852,-87.749059033,-87.748890135,-87.748768679,-87.748365913,-87.748348292,-87.748012884,-87.747984456,-87.747658355,-87.747288269,-87.747120967,-87.746889161,-87.746759617,-87.746431558,-87.746230018,-87.745960471,-87.745927891,-87.74558178,-87.745137513,-87.744957048,-87.744926805,-87.744856892,-87.743651082,-87.743441605,-87.743416995,-87.743354013,-87.742933197,-87.742728815,-87.742675111,-87.741497836,-87.739293604,-87.739070115,-87.7389303,-87.738439452,-87.737114239,-87.736993166,-87.736504232,-87.736406709,-87.736301124,-87.73629103,-87.736084376,-87.735526169,-87.735377298,-87.734883724,-87.734697069,-87.734499878,-87.734401877,-87.734093075,-87.733782272,-87.733698124,-87.733697822,-87.733584288,-87.73351214,-87.733455762,-87.733403544,-87.73320237,-87.733096078,-87.732322122,-87.732266723,-87.732124105,-87.732114997,-87.731980433,-87.731422883,-87.731236756,-87.73123173,-87.730920931,-87.730821849,-87.730739666,-87.730732326,-87.73040747,-87.730285513,-87.729679931,-87.729403606,-87.729349283,-87.729311002,-87.728495512,-87.72842473,-87.728349775,-87.728259538,-87.728245903,-87.726659826,-87.72627803,-87.726267054,-87.726029327,-87.725914258,-87.725813061,-87.72561859,-87.725556317,-87.725409853,-87.725274277,-87.724925474,-87.724613,-87.724244981,-87.723601432,-87.723462455,-87.723358632,-87.723234115,-87.723039647,-87.723005355,-87.722975512,-87.722849178,-87.722434585,-87.72237922,-87.721889369,-87.721715561,-87.721631784,-87.721629922,-87.721489579,-87.721224523,-87.720314435,-87.719505892,-87.719309794,-87.71770073,-87.717698178,-87.717156771,-87.716502142,-87.716492966,-87.716460263,-87.716415167,-87.716087141,-87.715885925,-87.715544681,-87.715494521,-87.7154944,-87.715320423,-87.715109317,-87.714849143,-87.714713316,-87.714019294,-87.713908132,-87.713882442,-87.713834929,-87.713749503,-87.713495268,-87.713190714,-87.713151617,-87.713089622,-87.712932753,-87.712794514,-87.712422847,-87.712385717,-87.712080245,-87.711794487,-87.711705342,-87.711626409,-87.711538106,-87.711475408,-87.711218923,-87.711118369,-87.711096976,-87.710991591,-87.710837717,-87.710757363,-87.710614947,-87.710468903,-87.710435076,-87.710415066,-87.710327235,-87.710300355,-87.710247966,-87.710197635,-87.710070246,-87.709463721,-87.708996081,-87.70854469,-87.708540787,-87.70844608,-87.708424071,-87.708282469,-87.707739025,-87.70752754,-87.707514006,-87.707179973,-87.706968373,-87.706566627,-87.706183852,-87.706179759,-87.70609163,-87.706029976,-87.705617268,-87.705341613,-87.705004143,-87.70460216,-87.704523217,-87.704490626,-87.704469775,-87.704226462,-87.70421379,-87.704135675,-87.704014423,-87.703002406,-87.70296877,-87.702857744,-87.702836558,-87.701957617,-87.701565099,-87.701311979,-87.701103736,-87.700488807,-87.699654403,-87.699638181,-87.69960208,-87.699594015,-87.699499505,-87.699203874,-87.699099103,-87.698762946,-87.698622295,-87.697397357,-87.697338234,-87.697186019,-87.697098337,-87.696990732,-87.696554107,-87.695178701,-87.695015153,-87.69452891,-87.694463394,-87.694269095,-87.694104755,-87.693403182,-87.693381423,-87.693320104,-87.693272697,-87.693245363,-87.693012575,-87.692531086,-87.692495622,-87.692384042,-87.691792324,-87.691560322,-87.690833334,-87.690449409,-87.689327606,-87.688929061,-87.688848758,-87.688761315,-87.688752882,-87.688610976,-87.688566235,-87.68831724,-87.688192539,-87.68816306,-87.687939526,-87.687861744,-87.687837483,-87.68754903,-87.687476601,-87.687370197,-87.687196708,-87.686961858,-87.686627405,-87.685975547,-87.685430532,-87.685217624,-87.684750284,-87.684442113,-87.684389872,-87.684093994,-87.683777679,-87.683668326,-87.683647278,-87.683422021,-87.683134989,-87.682838316,-87.682691255,-87.682596433,-87.682338186,-87.682233787,-87.681875775,-87.681510097,-87.681441159,-87.680785303,-87.680139316,-87.679982964,-87.679946378,-87.679696983,-87.678393653,-87.67823373,-87.677350632,-87.676799774,-87.676618101,-87.67655155,-87.676277805,-87.675651086,-87.675614872,-87.674675749,-87.674595225,-87.674108359,-87.673521113,-87.673461524,-87.67341348,-87.673322259,-87.673120087,-87.673073087,-87.67275327,-87.672749539,-87.672726388,-87.672431169,-87.672288731,-87.671960655,-87.670444906,-87.670127705,-87.669996658,-87.669970553,-87.669913344,-87.669895011,-87.669753776,-87.669559674,-87.669521034,-87.669489133,-87.66922839,-87.669110074,-87.66884662,-87.668831042,-87.668358466,-87.668235516,-87.668232945,-87.66809174,-87.668023875,-87.667907617,-87.667478563,-87.667282235,-87.667248418,-87.667103392,-87.667033707,-87.666905081,-87.666833487,-87.666519342,-87.666369588,-87.666364253,-87.666331217,-87.666330795,-87.666085367,-87.665923432,-87.665591164,-87.665556377,-87.665548213,-87.665535033,-87.665460283,-87.665298637,-87.665119726,-87.665078515,-87.665072735,-87.664557643,-87.664530441,-87.663966368,-87.663785792,-87.66374947,-87.663744363,-87.6633151,-87.662925863,-87.662465929,-87.662363276,-87.662201571,-87.662176018,-87.661533866,-87.661347985,-87.661317782,-87.6603626,-87.66031109,-87.66012922,-87.660035366,-87.659992014,-87.65970977,-87.659248372,-87.659095518,-87.658859176,-87.658855995,-87.658841391,-87.658534482,-87.658403395,-87.658326062,-87.658194207,-87.658177709,-87.658097002,-87.658019534,-87.657890403,-87.657797212,-87.657752098,-87.657596463,-87.657150314,-87.657045934,-87.656773028,-87.656304974,-87.656216655,-87.655934418,-87.655762317,-87.655757884,-87.655682635,-87.655679881,-87.655550394,-87.655474824,-87.655441678,-87.655432099,-87.655345221,-87.655281972,-87.654913645,-87.654902806,-87.654585291,-87.654463829,-87.65440722,-87.654122097,-87.653931188,-87.653912882,-87.653496757,-87.653371249,-87.653324829,-87.653289775,-87.653195042,-87.65310391,-87.653041757,-87.652815745,-87.652811198,-87.652778927,-87.652715044,-87.652523151,-87.652462374,-87.652387549,-87.652323905,-87.652311296,-87.652200564,-87.652106284,-87.652100804,-87.651974364,-87.651426664,-87.651376501,-87.651221802,-87.651162974,-87.651032417,-87.651006106,-87.650983434,-87.65063296,-87.650600784,-87.650331739,-87.650276211,-87.650104582,-87.650011483,-87.649734122,-87.649323402,-87.649187069,-87.649182539,-87.649180491,-87.648605673,-87.648479626,-87.64800406,-87.647590455,-87.64756884,-87.647527682,-87.647382098,-87.647315778,-87.647175913,-87.647150367,-87.6464681,-87.646263585,-87.6461786,-87.645516037,-87.645420683,-87.64510423,-87.644772518,-87.644707462,-87.644683072,-87.644658124,-87.644452645,-87.644355406,-87.644209647,-87.643736581,-87.643568664,-87.643566379,-87.643339622,-87.643199348,-87.642934736,-87.642820119,-87.642805817,-87.642787522,-87.641855579,-87.641542722,-87.641312103,-87.641296645,-87.641286877,-87.640835937,-87.639680572,-87.639579768,-87.639329207,-87.639165667,-87.639158,-87.639146211,-87.638835553,-87.638466506,-87.63806697,-87.637695331,-87.637420901,-87.637393606,-87.63696315,-87.636706827,-87.636668238,-87.636436642,-87.636346343,-87.636240668,-87.636237721,-87.635669807,-87.635568188,-87.635025125,-87.634420924,-87.634138449,-87.633792439,-87.633652789,-87.63332157,-87.63329808,-87.633296057,-87.633275257,-87.632892939,-87.632392707,-87.632283818,-87.632135213,-87.632105403,-87.631961292,-87.631232748,-87.631117427,-87.630937377,-87.630703621,-87.630302412,-87.629949249,-87.629897721,-87.629765732,-87.629427772,-87.629308553,-87.629210442,-87.629175344,-87.629117823,-87.628744799,-87.628729419,-87.628727499,-87.628605976,-87.628576793,-87.628285771,-87.62805289,-87.628046859,-87.628021263,-87.62741936,-87.626923253,-87.626807395,-87.626497755,-87.626382106,-87.626376407,-87.626351737,-87.625877455,-87.625646863,-87.625396491,-87.625100464,-87.624985651,-87.624340482,-87.624278264,-87.624223667,-87.624179371,-87.624134464,-87.624089191,-87.623644609,-87.623514952,-87.623495923,-87.623263328,-87.623263115,-87.623096746,-87.622979041,-87.622791288,-87.622772439,-87.622745318,-87.622629403,-87.622491565,-87.622336658,-87.622131694,-87.621499674,-87.621454706,-87.621061298,-87.620773951,-87.620771891,-87.620686081,-87.620504155,-87.620305349,-87.620196651,-87.620025893,-87.619830809,-87.619812122,-87.619554198,-87.619499704,-87.619247355,-87.619112076,-87.619013704,-87.618995915,-87.618334841,-87.618324723,-87.618206966,-87.618187029,-87.617407672,-87.617297524,-87.61726351,-87.617211663,-87.617076976,-87.616975751,-87.616939346,-87.616484885,-87.6164751,-87.61632582,-87.616182183,-87.615922804,-87.615617777,-87.615520426,-87.615255549,-87.615197285,-87.615064818,-87.615054293,-87.614899524,-87.614359614,-87.613852437,-87.613460496,-87.61327001,-87.613184954,-87.613183526,-87.612456287,-87.612377367,-87.611987911,-87.611461502,-87.611265936,-87.610321951,-87.610058986,-87.609648327,-87.60916591,-87.607333603,-87.607248571,-87.606276125,-87.605993706,-87.605921959,-87.605665593,-87.605622083,-87.605306501,-87.605130097,-87.605091806,-87.604940233,-87.60470647,-87.6046623,-87.604571828,-87.604498673,-87.604363507,-87.603927131,-87.603808314,-87.603785506,-87.603140417,-87.60281565,-87.602146893,-87.602024773,-87.602023558,-87.601963561,-87.601372888,-87.601089719,-87.600319681,-87.600159193,-87.598890085,-87.596940433,-87.596444222,-87.596115157,-87.595168853,-87.594914218,-87.594635371,-87.593096007,-87.591878288,-87.591698509,-87.590302834,-87.589788998,-87.589667196,-87.589546782,-87.589078944,-87.58800708,-87.587918276,-87.587137908,-87.586596725,-87.586317625,-87.58548161,-87.585195364,-87.585145072,-87.583695057,-87.583081031,-87.579124719,-87.578195588,-87.576009208,-87.575344529,-87.574967419,-87.573925492,-87.573882016,-87.573879063,-87.572757629,-87.571438427,-87.569861937,-87.569336546,-87.569333606,-87.566528191,-87.56629204,-87.566285228,-87.565838532,-87.565806616,-87.565733832,-87.564815996,-87.564676016,-87.564457634,-87.561478397,-87.559987568,-87.557976827,-87.555422493,-87.554118677,-87.554103407,-87.552795871,-87.551669667,-87.550179329,-87.546873728,-87.546749353,-87.545725121,-87.545385562,-87.544326476,-87.541344334,-87.53649704,-87.532865251,-87.531658377,-87.527258234
,CRIM SEXUAL ASSAULT,,,,,,,,,,,,,,,,,,,,,,,,,,,,,,,,,,,,,,,,,,,,,,,,,,,,,,,,,,,,,,,,,,,,,,,,,,,,,,,,,,,,,,,,,,,,,,,,,,,,,,,,,,,,,,,,,,,,,,,,,,,,,,,,,,,,,,,,,,,,,,,,,,,,,,,,,,,,,,,,,,,,,,,,,,,,,,,,,,,,,,,,,,,,,,,,,,,,,,,,,,,,,,,,,,,,,,,,,,,,,,,,,,,,,,,,,,,,,,,,,,,,,,,,,,,,,,,,,,,,,,,,,,,,,,,,,,,,,,,,,,,,,,,,,,,,,,,,,,,,,,,,,,,,,,,,,,,,,,,,,,,,,,,,,,,,,,,,,,,,,,,,,,,,,,,,,,,,,,,,,,,,,,,,,,,,,,,,,,,,,,,,,,,,,,,,,,,,,,,,,,,,,,,,,,,,,,,,,,,,,,,,,,,,,,,,,,,,,,,,,,,,,,,,,,,,,,,,,,,,,,,,,,,,,,,,,,,,,,,,,,,,,,,,,,,,,,,,,,,,,,,,,,,,,,,,,,,,,,,,,,,,,,,,,,,,,,,,,,,,,,,,,,,,,,,,,,,,,,,,,,,,,,,,,,,,,,,,,,,,,,,,,,,,,,,,,,,,,,,,,,,,,,,,,,,,,,,,,,,,,,,,,,,,,,,,,,,,,,,,,,,,,,,,,,,,,,,,,,,,,,,,,,,,,,,,,,,,,,,,,,,,,,,,,,,,,,,,,,,,,,,,,,,,,,,,,,,,,,,,,,,,,,,,,,,,,,,,,,,,,,,,,,,,,,,,,,,,,,,,,,,,,,,,,,,,,,,,,,,,,,,,,,,,,,,,,,,,,,,,,,,,,,,,,
,HOMICIDE,,,,,,,,,,,,,,,,,,,,,,,,,,,,,,,,,,,,,,,,,,,,,,,,,,,,,,,,,,,,,,,,,,,,,,,,,,,,,,,,,,,,,,,,,,,,,,,,,,,,,,,,,,,,,,,,,,,,,,,,,,,,,,,,,,,,,,,,,,,,,,,,,,,,,,,,,,,,,,,,,,,,,,,,,,,,,,,,,,,,,,,,,,,,,,,,,,,,,,,,,,,,,,,,,,,,,,,,,,,,,,,,,,,,,,,,,,,,,,,,,,,,,,,,,,,,,,,,,,,,,,,,,,,,,,,,,,,,,,,,,,,,,,,,,,,,,,,,,,,,,,,,,,,,,,,,,,,,,,,,,,,,,,,,,,,,,,,,,,,,,,,,,,,,,,,,,,,,,,,,,,,,,,,,,,,,,,,,,,,,,,,,,,,,,,,,,,,,,,,,,,,,,,,,,,,,,,,,,,,,,,,,,,,,,,,,,,,,,,,,,,,,,,,,,,,,,,,,,,,,,,,,,,,,,,,,,,,,,,,,,,,,,,,,,,,,,,,,,,,,,,,,,,,,,,,,,,,,,,,,,,,,,,,,,,,,,,,,,,,,,,,,,,,,,,,,,,,,,,,,,,,,,,,,,,,,,,,,,,,,,,,,,,,,,,,,,,,,,,,,,,,,,,,,,,,,,,,,,,,,,,,,,,,,,,,,,,,,,,,,,,,,,,,,,,,,,,,,,,,,,,,,,,,,,,,,,,,,,,,,,,,,,,,,,,,,,,,,,,,,,,,,,,,,,,,,,,,,,,,,,,,,,,,,,,,,,,,,,,,,,,,,,,,,,,,,,,,,,,,,,,,,,,,,,,,,,,,,,,,,,,,,,,,,,,,,,,,,,,,,,,,,,,,,,
,KIDNAPPING,,,,,,,,,,,,,,,,,,,,,,,,,,,,,,,,,,,,,,,,,,,,,,,,,,,,,,,,,,,,,,,,,,,,,,,,,,,,,,,,,,,,,,,,,,,,,,,,,,,,,,,,,,,,,,,,,,,,,,,,,,,,,,,,,,,,,,,,,,,,,,,,,,,,,,,,,,,,,,,,,,,,,,,,,,,,,,,,,,,,,,,,,,,,,,,,,,,,,,,,,,,,,,,,,,,,,,,,,,,,,,,,,,,,,,,,,,,,,,,,,,,,,,,,,,,,,,,,,,,,,,,,,,,,,,,,,,,,,,,,,,,,,,,,,,,,,,,,,,,,,,,,,,,,,,,,,,,,,,,,,,,,,,,,,,,,,,,,,,,,,,,,,,,,,,,,,,,,,,,,,,,,,,,,,,,,,,,,,,,,,,,,,,,,,,,,,,,,,,,,,,,,,,,,,,,,,,,,,,,,,,,,,,,,,,,,,,,,,,,,,,,,,,,,,,,,,,,,,,,,,,,,,,,,,,,,,,,,,,,,,,,,,,,,,,,,,,,,,,,,,,,,,,,,,,,,,,,,,,,,,,,,,,,,,,,,,,,,,,,,,,,,,,,,,,,,,,,,,,,,,,,,,,,,,,,,,,,,,,,,,,,,,,,,,,,,,,,,,,,,,,,,,,,,,,,,,,,,,,,,,,,,,,,,,,,,,,,,,,,,,,,,,,,,,,,,,,,,,,,,,,,,,,,,,,,,,,,,,,,,,,,,,,,,,,,,,,,,,,,,,,,,,,,,,,,,,,,,,,,,,,,,,,,,,,,,,,,,,,,,,,,,,,,,,,,,,,,,,,,,,,,,,,,,,,,,,,,,,,,,,,,,,,,,,,,,,,,,,,,,,,,,,,,,,
,SEX OFFENSE,,,,,,,,,,,,,,,,,,,,,,,,,,,,,,,,,,,,,,,,,,,,,,,,,,,,,,,,,,,,,,,,,,,,,,,,,,,,,,,,,,,,,,,,,,,,,,,,,,,,,,,,,,,,,,,,,,,,,,,,,,,,,,,,,,,,,,,,,,,,,,,,,,,,,,,,,,,,,,,,,,,,,,,,,,,,,,,,,,,,,,,,,,,,,,,,,,,,,,,,,,,,,,,,,,,,,,,,,,,,,,,,,,,,,,,,,,,,,,,,,,,,,,,,,,,,,,,,,,,,,,,,,,,,,,,,,,,,,,,,,,,,,,,,,,,,,,,,,,,,,,,,,,,,,,,,,,,,,,,,,,,,,,,,,,,,,,,,,,,,,,,,,,,,,,,,,,,,,,,,,,,,,,,,,,,,,,,,,,,,,,,,,,,,,,,,,,,,,,,,,,,,,,,,,,,,,,,,,,,,,,,,,,,,,,,,,,,,,,,,,,,,,,,,,,,,,,,,,,,,,,,,,,,,,,,,,,,,,,,,,,,,,,,,,,,,,,,,,,,,,,,,,,,,,,,,,,,,,,,,,,,,,,,,,,,,,,,,,,,,,,,,,,,,,,,,,,,,,,,,,,,,,,,,,,,,,,,,,,,,,,,,,,,,,,,,,,,,,,,,,,,,,,,,,,,,,,,,,,,,,,,,,,,,,,,,,,,,,,,,,,,,,,,,,,,,,,,,,,,,,,,,,,,,,,,,,,,,,,,,,,,,,,,,,,,,,,,,,,,,,,,,,,,,,,,,,,,,,,,,,,,,,,,,,,,,,,,,,,,,,,,,,,,,,,,,,,,,,,,,,,,,,,,,,,,,,,,,,,,,,,,,,,,,,,,,,,,,,,,,,,,,,,,,,
41.651431329,CRIM SEXUAL ASSAULT,,,,,,,,,,,,,,,,,,,,,,,,,,,,,,,,,,,,,,,,,,,,,,,,,,,,,,,,,,,,,,,,,,,,,,,,,,,,,,,,,,,,,,,,,,,,,,,,,,,,,,,,,,,,,,,,,,,,,,,,,,,,,,,,,,,,,,,,,,,,,,,,,,,,,,,,,,,,,,,,,,,,,,,,,,,,,,,,,,,,,,,,,,,,,,,,,,,,,,,,,,,,,,,,,,,,,,,,,,,,,,,,,,,,,,,,,,,,,,,,,,,,,,,,,,,,,,,,,,,,,,,,,,,,,,,,,,,,,,,,,,,,,,,,,,,,,,,,,,,,,,,,,,,,,,,,,,,,,,,,,,,,,,,,,,,,,,,,,,,,,,,,,,,,,,,,,,,,,,,,,,,,,,,,,,,,,,,,,,,,,,,,,,,,,,,,,,,,,,,,,,,,,,,,,,,,,,,,,,,,,,,,,,,,,,,,,,,,,,,,,,,,,,,,,,,,,,,,,,,,,,,,,,,,,,,,,,,,,,,,,,,,,,,,,,,,,,,,,,,,,,,,,,,,,,,,,,,,,,,,,,,,,,,,,,,,,,,,,,,,,,,,,,,,,,,,,,,,,,,,,,,,,,,,,,,,,,,,,,,,,,,,,,,,,,,,,,,,,,,,,,,,,,,,,,,,,,,,,,,,,,,,,,,,,,,,,,,,,,,,,,,,,,,,,,,,,,,,,,,,,,,,,,,,,,,,,,,,,,,,,,,,,,,,,,,,,,,,,,,,,,,,,,,,,,,,,,,,,,,,,,,,,,,,,,,,,,,,,,,,,,,,,,,,,,,,,,,,,,,,,,,,,,,,,,,,,,,,,,,,,,,,,,,,,,,,,,,,,,,,,,,,,,,,,
41.656657626,CRIM SEXUAL ASSAULT,,,,,,,,,,,,,,,,,,,,,,,,,,,,,,,,,,,,,,,,,,,,,,,,,,,,,,,,,,,,,,,,,,,,,,,,,,,,,,,,,,,,,,,,,,,,,,,,,,,,,,,,,,,,,,,,,,,,,,,,,,,,,,,,,,,,,,,,,,,,,,,,,,,,,,,,,,,,,,,,,,,,,,,,,,,,,,,,,,,,,,,,,,,,,,,,,,,,,,,,,,,,,,,,,,,,,,,,,,,,,,,,,,,,,,,,,,,,,,,,,,,,,,,,,,,,,,,,,,,,,,,,,,,,,,,,,,,,,,,,,,,,,,,,,,,,,,,,,,,,,,,,,,,,,,,,,,,,,,,,,,,,,,,,,,,,,,,,,,,,,,,,,,,,,,,,,,,,,,,,,,,,,,,,,,,,,,,,,,,,,,,,,,,,,,,,,,,,,,,,,,,,,,,,,,,,,,,,,,,,,,,,,,,,,,,,,,,,,,,,,,,,,,,,,,,,,,,,,,,,,,,,,,,,,,,,,,,,,,,,,,,,,,,,,,,,,,,,,,,,,,,,,,,,,,,,,,,,,,,,,,,,,,,,,,,,,,,,,,,,,,,,,,,,,,,,,,,,,,,,,,,,,,,,,,,,,,,,,,,,,,,,,,,,,,,,,,,,,,,,,,,,,,,,,,,,,,,,,,,,,,,,,,,,,,,,,,,,,,,,,,,,,,,,,,,,,,,,,,,,,,,,,,,,,,,,,,,,,,,,,,,,,,,,,,,,,,,,,,,,,,,,,,,,,,,,,,,,,,,,,,,,,,,,,,,,,,,,,,,,,,,,,,,,,,,,,,,,,,,,,,,,,,,,,,,,,,,,,,,,,,,,,,,,,,,,,,,,,,,,,,,,,,,,,
41.657215827,HOMICIDE,,,,,,,,,,,,,,,,,,,,,,,,,,,,,,,,,,,,,,,,,,,,,,,,,,,,,,,,,,,,,,,,,,,,,,,,,,,,,,,,,,,,,,,,,,,,,,,,,,,,,,,,,,,,,,,,,,,,,,,,,,,,,,,,,,,,,,,,,,,,,,,,,,,,,,,,,,,,,,,,,,,,,,,,,,,,,,,,,,,,,,,,,,,,,,,,,,,,,,,,,,,,,,,,,,,,,,,,,,,,,,,,,,,,,,,,,,,,,,,,,,,,,,,,,,,,,,,,,,,,,,,,,,,,,,,,,,,,,,,,,,,,,,,,,,,,,,,,,,,,,,,,,,,,,,,,,,,,,,,,,,,,,,,,,,,,,,,,,,,,,,,,,,,,,,,,,,,,,,,,,,,,,,,,,,,,,,,,,,,,,,,,,,,,,,,,,,,,,,,,,,,,,,,,,,,,,,,,,,,,,,,,,,,,,,,,,,,,,,,,,,,,,,,,,,,,,,,,,,,,,,,,,,,,,,,,,,,,,,,,,,,,,,,,,,,,,,,,,,,,,,,,,,,,,,,,,,,,,,,,,,,,,,,,,,,,,,,,,,,,,,,,,,,,,,,,,,,,,,,,,,,,,,,,,,,,,,,,,,,,,,,,,,,,,,,,,,,,,,,,,,,,,,,,,,,,,,,,,,,,,,,,,,,,,,,,,,,,,,,,,,,,,,,,,,,,,,,,,,,,,,,,,,,,,,,,,,,,,,,,,,,,,,,,,,,,,,,,,,,,,,,,,,,,,,,,,,,,,,,,,,,,,,,,,,,,,,,,,,,,,,,,,,,,,,,,,,,,,,,,,,,,,,,,,,,,,,,,,,,,,,,,,,,,,,,,,,,,,,,,,,,,,,,,,
41.658114918,SEX OFFENSE,,,,,,,,,,,,,,,,,,,,,,,,,,,,,,,,,,,,,,,,,,,,,,,,,,,,,,,,,,,,,,,,,,,,,,,,,,,,,,,,,,,,,,,,,,,,,,,,,,,,,,,,,,,,,,,,,,,,,,,,,,,,,,,,,,,,,,,,,,,,,,,,,,,,,,,,,,,,,,,,,,,,,,,,,,,,,,,,,,,,,,,,,,,,,,,,,,,,,,,,,,,,,,,,,,,,,,,,,,,,,,,,,,,,,,,,,,,,,,,,,,,,,,,,,,,,,,,,,,,,,,,,,,,,,,,,,,,,,,,,,,,,,,,,,,,,,,,,,,,,,,,,,,,,,,,,,,,,,,,,,,,,,,,,,,,,,,,,,,,,,,,,,,,,,,,,,,,,,,,,,,,,,,,,,,,,,,,,,,,,,,,,,,,,,,,,,,,,,,,,,,,,,,,,,,,,,,,,,,,,,,,,,,,,,,,,,,,,,,,,,,,,,,,,,,,,,,,,,,,,,,,,,,,,,,,,,,,,,,,,,,,,,,,,,,,,,,,,,,,,,,,,,,,,,,,,,,,,,,,,,,,,,,,,,,,,,,,,,,,,,,,,,,,,,,,,,,,,,,,,,,,,,,,,,,,,,,,,,,,,,,,,,,,,,,,,,,,,,,,,,,,,,,,,,,,,,,,,,,,,,,,,,,,,,,,,,,,,,,,,,,,,,,,,,,,,,,,,,,,,,,,,,,,,,,,,,,,,,,,,,,,,,,,,,,,,,,,,,,,,,,,,,,,,,,,,,,,,,,,,,,,,,,,,,,,,,,,,,,,,,,,,,,,,,,,,,,,,,,,,,,,,,,,,,,,,,,,,,,,,,,,,,,,,,,,,,,,,,,,,,,,,,,,,,
41.658635903,CRIM SEXUAL ASSAULT,,,,,,,,,,,,,,,,,,,,,,,,,,,,,,,,,,,,,,,,,,,,,,,,,,,,,,,,,,,,,,,,,,,,,,,,,,,,,,,,,,,,,,,,,,,,,,,,,,,,,,,,,,,,,,,,,,,,,,,,,,,,,,,,,,,,,,,,,,,,,,,,,,,,,,,,,,,,,,,,,,,,,,,,,,,,,,,,,,,,,,,,,,,,,,,,,,,,,,,,,,,,,,,,,,,,,,,,,,,,,,,,,,,,,,,,,,,,,,,,,,,,,,,,,,,,,,,,,,,,,,,,,,,,,,,,,,,,,,,,,,,,,,,,,,,,,,,,,,,,,,,,,,,,,,,,,,,,,,,,,,,,,,,,,,,,,,,,,,,,,,,,,,,,,,,,,,,,,,,,,,,,,,,,,,,,,,,,,,,,,,,,,,,,,,,,,,,,,,,,,,,,,,,,,,,,,,,,,,,,,,,,,,,,,,,,,,,,,,,,,,,,,,,,,,,,,,,,,,,,,,,,,,,,,,,,,,,,,,,,,,,,,,,,,,,,,,,,,,,,,,,,,,,,,,,,,,,,,,,,,,,,,,,,,,,,,,,,,,,,,,,,,,,,,,,,,,,,,,,,,,,,,,,,,,,,,,,,,,,,,,,,,,,,,,,,,,,,,,,,,,,,,,,,,,,,,,,,,,,,,,,,,,,,,,,,,,,,,,,,,,,,,,,,,,,,,,,,,,,,,,,,,,,,,,,,,,,,,,,,,,,,,,,,,,,,,,,,,,,,,,,,,,,,,,,,,,,,,,,,,,,,,,,,,,,,,,,,,,,,,,,,,,,,,,,,,,,,,,,,,,,,,,,,,,,,,,,,,,,,,,,,,,,,,,,,,,,,,,,,,,,,,,,,,
41.66336806,HOMICIDE,,,,,,,,,,,,,,,,,,,,,,,,,,,,,,,,,,,,,,,,,,,,,,,,,,,,,,,,,,,,,,,,,,,,,,,,,,,,,,,,,,,,,,,,,,,,,,,,,,,,,,,,,,,,,,,,,,,,,,,,,,,,,,,,,,,,,,,,,,,,,,,,,,,,,,,,,,,,,,,,,,,,,,,,,,,,,,,,,,,,,,,,,,,,,,,,,,,,,,,,,,,,,,,,,,,,,,,,,,,,,,,,,,,,,,,,,,,,,,,,,,,,,,,,,,,,,,,,,,,,,,,,,,,,,,,,,,,,,,,,,,,,,,,,,,,,,,,,,,,,,,,,,,,,,,,,,,,,,,,,,,,,,,,,,,,,,,,,,,,,,,,,,,,,,,,,,,,,,,,,,,,,,,,,,,,,,,,,,,,,,,,,,,,,,,,,,,,,,,,,,,,,,,,,,,,,,,,,,,,,,,,,,,,,,,,,,,,,,,,,,,,,,,,,,,,,,,,,,,,,,,,,,,,,,,,,,,,,,,,,,,,,,,,,,,,,,,,,,,,,,,,,,,,,,,,,,,,,,,,,,,,,,,,,,,,,,,,,,,,,,,,,,,,,,,,,,,,,,,,,,,,,,,,,,,,,,,,,,,,,,,,,,,,,,,,,,,,,,,,,,,,,,,,,,,,,,,,,,,,,,,,,,,,,,,,,,,,,,,,,,,,,,,,,,,,,,,,,,,,,,,,,,,,,,,,,,,,,,,,,,,,,,,,,,,,,,,,,,,,,,,,,,,,,,,,,,,,,,,,,,,,,,,,,,,,,,,,,,,,,,,,,,,,,,,,,,,,,,,,,,,,,,,,,,,,,,,,,,,,,,,,,,,,,,,,,,,,,,,,,,,,,,,,,,
41.66861269,KIDNAPPING,,,,,,,,,,,,,,,,,,,,,,,,,,,,,,,,,,,,,,,,,,,,,,,,,,,,,,,,,,,,,,,,,,,,,,,,,,,,,,,,,,,,,,,,,,,,,,,,,,,,,,,,,,,,,,,,,,,,,,,,,,,,,,,,,,,,,,,,,,,,,,,,,,,,,,,,,,,,,,,,,,,,,,,,,,,,,,,,,,,,,,,,,,,,,,,,,,,,,,,,,,,,,,,,,,,,,,,,,,,,,,,,,,,,,,,,,,,,,,,,,,,,,,,,,,,,,,,,,,,,,,,,,,,,,,,,,,,,,,,,,,,,,,,,,,,,,,,,,,,,,,,,,,,,,,,,,,,,,,,,,,,,,,,,,,,,,,,,,,,,,,,,,,,,,,,,,,,,,,,,,,,,,,,,,,,,,,,,,,,,,,,,,,,,,,,,,,,,,,,,,,,,,,,,,,,,,,,,,,,,,,,,,,,,,,,,,,,,,,,,,,,,,,,,,,,,,,,,,,,,,,,,,,,,,,,,,,,,,,,,,,,,,,,,,,,,,,,,,,,,,,,,,,,,,,,,,,,,,,,,,,,,,,,,,,,,,,,,,,,,,,,,,,,,,,,,,,,,,,,,,,,,,,,,,,,,,,,,,,,,,,,,,,,,,,,,,,,,,,,,,,,,,,,,,,,,,,,,,,,,,,,,,,,,,,,,,,,,,,,,,,,,,,,,,,,,,,,,,,,,,,,,,,,,,,,,,,,,,,,,,,,,,,,,,,,,,,,,,,,,,,,,,,,,,,,,,,,,,,,,,,,,,,,,,,,,,,,,,,,,,,,,,,,,,,,,,,,,,,,,,,,,,,,,,,,,,,,,,,,,,,,,,,,,,,,,,,,,,,,,,,,,,,,,,
41.671264862,KIDNAPPING,,,,,,,,,,,,,,,,,,,,,,,,,,,,,,,,,,,,,,,,,,,,,,,,,,,,,,,,,,,,,,,,,,,,,,,,,,,,,,,,,,,,,,,,,,,,,,,,,,,,,,,,,,,,,,,,,,,,,,,,,,,,,,,,,,,,,,,,,,,,,,,,,,,,,,,,,,,,,,,,,,,,,,,,,,,,,,,,,,,,,,,,,,,,,,,,,,,,,,,,,,,,,,,,,,,,,,,,,,,,,,,,,,,,,,,,,,,,,,,,,,,,,,,,,,,,,,,,,,,,,,,,,,,,,,,,,,,,,,,,,,,,,,,,,,,,,,,,,,,,,,,,,,,,,,,,,,,,,,,,,,,,,,,,,,,,,,,,,,,,,,,,,,,,,,,,,,,,,,,,,,,,,,,,,,,,,,,,,,,,,,,,,,,,,,,,,,,,,,,,,,,,,,,,,,,,,,,,,,,,,,,,,,,,,,,,,,,,,,,,,,,,,,,,,,,,,,,,,,,,,,,,,,,,,,,,,,,,,,,,,,,,,,,,,,,,,,,,,,,,,,,,,,,,,,,,,,,,,,,,,,,,,,,,,,,,,,,,,,,,,,,,,,,,,,,,,,,,,,,,,,,,,,,,,,,,,,,,,,,,,,,,,,,,,,,,,,,,,,,,,,,,,,,,,,,,,,,,,,,,,,,,,,,,,,,,,,,,,,,,,,,,,,,,,,,,,,,,,,,,,,,,,,,,,,,,,,,,,,,,,,,,,,,,,,,,,,,,,,,,,,,,,,,,,,,,,,,,,,,,,,,,,,,,,,,,,,,,,,,,,,,,,,,,,,,,,,,,,,,,,,,,,,,,,,,,,,,,,,,,,,,,,,,,,,,,,,,,,,,,,,,,,,,,,
41.673263009,HOMICIDE,,,,,,,,,,,,,,,,,,,,,,,,,,,,,,,,,,,,,,,,,,,,,,,,,,,,,,,,,,,,,,,,,,,,,,,,,,,,,,,,,,,,,,,,,,,,,,,,,,,,,,,,,,,,,,,,,,,,,,,,,,,,,,,,,,,,,,,,,,,,,,,,,,,,,,,,,,,,,,,,,,,,,,,,,,,,,,,,,,,,,,,,,,,,,,,,,,,,,,,,,,,,,,,,,,,,,,,,,,,,,,,,,,,,,,,,,,,,,,,,,,,,,,,,,,,,,,,,,,,,,,,,,,,,,,,,,,,,,,,,,,,,,,,,,,,,,,,,,,,,,,,,,,,,,,,,,,,,,,,,,,,,,,,,,,,,,,,,,,,,,,,,,,,,,,,,,,,,,,,,,,,,,,,,,,,,,,,,,,,,,,,,,,,,,,,,,,,,,,,,,,,,,,,,,,,,,,,,,,,,,,,,,,,,,,,,,,,,,,,,,,,,,,,,,,,,,,,,,,,,,,,,,,,,,,,,,,,,,,,,,,,,,,,,,,,,,,,,,,,,,,,,,,,,,,,,,,,,,,,,,,,,,,,,,,,,,,,,,,,,,,,,,,,,,,,,,,,,,,,,,,,,,,,,,,,,,,,,,,,,,,,,,,,,,,,,,,,,,,,,,,,,,,,,,,,,,,,,,,,,,,,,,,,,,,,,,,,,,,,,,,,,,,,,,,,,,,,,,,,,,,,,,,,,,,,,,,,,,,,,,,,,,,,,,,,,,,,,,,,,,,,,,,,,,,,,,,,,,,,,,,,,,,,,,,,,,,,,,,,,,,,,,,,,,,,,,,,,,,,,,,,,,,,,,,,,,,,,,,,,,,,,,,,,,,,,,,,,,,,,,,,,,,,,,
41.674386049,SEX OFFENSE,,,,,,,,,,,,,,,,,,,,,,,,,,,,,,,,,,,,,,,,,,,,,,,,,,,,,,,,,,,,,,,,,,,,,,,,,,,,,,,,,,,,,,,,,,,,,,,,,,,,,,,,,,,,,,,,,,,,,,,,,,,,,,,,,,,,,,,,,,,,,,,,,,,,,,,,,,,,,,,,,,,,,,,,,,,,,,,,,,,,,,,,,,,,,,,,,,,,,,,,,,,,,,,,,,,,,,,,,,,,,,,,,,,,,,,,,,,,,,,,,,,,,,,,,,,,,,,,,,,,,,,,,,,,,,,,,,,,,,,,,,,,,,,,,,,,,,,,,,,,,,,,,,,,,,,,,,,,,,,,,,,,,,,,,,,,,,,,,,,,,,,,,,,,,,,,,,,,,,,,,,,,,,,,,,,,,,,,,,,,,,,,,,,,,,,,,,,,,,,,,,,,,,,,,,,,,,,,,,,,,,,,,,,,,,,,,,,,,,,,,,,,,,,,,,,,,,,,,,,,,,,,,,,,,,,,,,,,,,,,,,,,,,,,,,,,,,,,,,,,,,,,,,,,,,,,,,,,,,,,,,,,,,,,,,,,,,,,,,,,,,,,,,,,,,,,,,,,,,,,,,,,,,,,,,,,,,,,,,,,,,,,,,,,,,,,,,,,,,,,,,,,,,,,,,,,,,,,,,,,,,,,,,,,,,,,,,,,,,,,,,,,,,,,,,,,,,,,,,,,,,,,,,,,,,,,,,,,,,,,,,,,,,,,,,,,,,,,,,,,,,,,,,,,,,,,,,,,,,,,,,,,,,,,,,,,,,,,,,,,,,,,,,,,,,,,,,,,,,,,,,,,,,,,,,,,,,,,,,,,,,,,,,,,,,,,,,,,,,,,,,,,,,,,,
41.67538316,HOMICIDE,,,,,,,,,,,,,,,,,,,,,,,,,,,,,,,,,,,,,,,,,,,,,,,,,,,,,,,,,,,,,,,,,,,,,,,,,,,,,,,,,,,,,,,,,,,,,,,,,,,,,,,,,,,,,,,,,,,,,,,,,,,,,,,,,,,,,,,,,,,,,,,,,,,,,,,,,,,,,,,,,,,,,,,,,,,,,,,,,,,,,,,,,,,,,,,,,,,,,,,,,,,,,,,,,,,,,,,,,,,,,,,,,,,,,,,,,,,,,,,,,,,,,,,,,,,,,,,,,,,,,,,,,,,,,,,,,,,,,,,,,,,,,,,,,,,,,,,,,,,,,,,,,,,,,,,,,,,,,,,,,,,,,,,,,,,,,,,,,,,,,,,,,,,,,,,,,,,,,,,,,,,,,,,,,,,,,,,,,,,,,,,,,,,,,,,,,,,,,,,,,,,,,,,,,,,,,,,,,,,,,,,,,,,,,,,,,,,,,,,,,,,,,,,,,,,,,,,,,,,,,,,,,,,,,,,,,,,,,,,,,,,,,,,,,,,,,,,,,,,,,,,,,,,,,,,,,,,,,,,,,,,,,,,,,,,,,,,,,,,,,,,,,,,,,,,,,,,,,,,,,,,,,,,,,,,,,,,,,,,,,,,,,,,,,,,,,,,,,,,,,,,,,,,,,,,,,,,,,,,,,,,,,,,,,,,,,,,,,,,,,,,,,,,,,,,,,,,,,,,,,,,,,,,,,,,,,,,,,,,,,,,,,,,,,,,,,,,,,,,,,,,,,,,,,,,,,,,,,,,,,,,,,,,,,,,,,,,,,,,,,,,,,,,,,,,,,,,,,,,,,,,,,,,,,,,,,,,,,,,,,,,,,,,,,,,,,,,,,,,,,,,,,,,,,
41.676055424,SEX OFFENSE,,,,,,,,,,,,,,,,,,,,,,,,,,,,,,,,,,,,,,,,,,,,,,,,,,,,,,,,,,,,,,,,,,,,,,,,,,,,,,,,,,,,,,,,,,,,,,,,,,,,,,,,,,,,,,,,,,,,,,,,,,,,,,,,,,,,,,,,,,,,,,,,,,,,,,,,,,,,,,,,,,,,,,,,,,,,,,,,,,,,,,,,,,,,,,,,,,,,,,,,,,,,,,,,,,,,,,,,,,,,,,,,,,,,,,,,,,,,,,,,,,,,,,,,,,,,,,,,,,,,,,,,,,,,,,,,,,,,,,,,,,,,,,,,,,,,,,,,,,,,,,,,,,,,,,,,,,,,,,,,,,,,,,,,,,,,,,,,,,,,,,,,,,,,,,,,,,,,,,,,,,,,,,,,,,,,,,,,,,,,,,,,,,,,,,,,,,,,,,,,,,,,,,,,,,,,,,,,,,,,,,,,,,,,,,,,,,,,,,,,,,,,,,,,,,,,,,,,,,,,,,,,,,,,,,,,,,,,,,,,,,,,,,,,,,,,,,,,,,,,,,,,,,,,,,,,,,,,,,,,,,,,,,,,,,,,,,,,,,,,,,,,,,,,,,,,,,,,,,,,,,,,,,,,,,,,,,,,,,,,,,,,,,,,,,,,,,,,,,,,,,,,,,,,,,,,,,,,,,,,,,,,,,,,,,,,,,,,,,,,,,,,,,,,,,,,,,,,,,,,,,,,,,,,,,,,,,,,,,,,,,,,,,,,,,,,,,,,,,,,,,,,,,,,,,,,,,,,,,,,,,,,,,,,,,,,,,,,,,,,,,,,,,,,,,,,,,,,,,,,,,,,,,,,,,,,,,,,,,,,,,,,,,,,,,,,,,,,,,,,,,,,,,,,,
41.677794878,SEX OFFENSE,,,,,,,,,,,,,,,,,,,,,,,,,,,,,,,,,,,,,,,,,,,,,,,,,,,,,,,,,,,,,,,,,,,,,,,,,,,,,,,,,,,,,,,,,,,,,,,,,,,,,,,,,,,,,,,,,,,,,,,,,,,,,,,,,,,,,,,,,,,,,,,,,,,,,,,,,,,,,,,,,,,,,,,,,,,,,,,,,,,,,,,,,,,,,,,,,,,,,,,,,,,,,,,,,,,,,,,,,,,,,,,,,,,,,,,,,,,,,,,,,,,,,,,,,,,,,,,,,,,,,,,,,,,,,,,,,,,,,,,,,,,,,,,,,,,,,,,,,,,,,,,,,,,,,,,,,,,,,,,,,,,,,,,,,,,,,,,,,,,,,,,,,,,,,,,,,,,,,,,,,,,,,,,,,,,,,,,,,,,,,,,,,,,,,,,,,,,,,,,,,,,,,,,,,,,,,,,,,,,,,,,,,,,,,,,,,,,,,,,,,,,,,,,,,,,,,,,,,,,,,,,,,,,,,,,,,,,,,,,,,,,,,,,,,,,,,,,,,,,,,,,,,,,,,,,,,,,,,,,,,,,,,,,,,,,,,,,,,,,,,,,,,,,,,,,,,,,,,,,,,,,,,,,,,,,,,,,,,,,,,,,,,,,,,,,,,,,,,,,,,,,,,,,,,,,,,,,,,,,,,,,,,,,,,,,,,,,,,,,,,,,,,,,,,,,,,,,,,,,,,,,,,,,,,,,,,,,,,,,,,,,,,,,,,,,,,,,,,,,,,,,,,,,,,,,,,,,,,,,,,,,,,,,,,,,,,,,,,,,,,,,,,,,,,,,,,,,,,,,,,,,,,,,,,,,,,,,,,,,,,,,,,,,,,,,,,,,,,,,,,,,,,,,,,
41.679087709,CRIM SEXUAL ASSAULT,,,,,,,,,,,,,,,,,,,,,,,,,,,,,,,,,,,,,,,,,,,,,,,,,,,,,,,,,,,,,,,,,,,,,,,,,,,,,,,,,,,,,,,,,,,,,,,,,,,,,,,,,,,,,,,,,,,,,,,,,,,,,,,,,,,,,,,,,,,,,,,,,,,,,,,,,,,,,,,,,,,,,,,,,,,,,,,,,,,,,,,,,,,,,,,,,,,,,,,,,,,,,,,,,,,,,,,,,,,,,,,,,,,,,,,,,,,,,,,,,,,,,,,,,,,,,,,,,,,,,,,,,,,,,,,,,,,,,,,,,,,,,,,,,,,,,,,,,,,,,,,,,,,,,,,,,,,,,,,,,,,,,,,,,,,,,,,,,,,,,,,,,,,,,,,,,,,,,,,,,,,,,,,,,,,,,,,,,,,,,,,,,,,,,,,,,,,,,,,,,,,,,,,,,,,,,,,,,,,,,,,,,,,,,,,,,,,,,,,,,,,,,,,,,,,,,,,,,,,,,,,,,,,,,,,,,,,,,,,,,,,,,,,,,,,,,,,,,,,,,,,,,,,,,,,,,,,,,,,,,,,,,,,,,,,,,,,,,,,,,,,,,,,,,,,,,,,,,,,,,,,,,,,,,,,,,,,,,,,,,,,,,,,,,,,,,,,,,,,,,,,,,,,,,,,,,,,,,,,,,,,,,,,,,,,,,,,,,,,,,,,,,,,,,,,,,,,,,,,,,,,,,,,,,,,,,,,,,,,,,,,,,,,,,,,,,,,,,,,,,,,,,,,,,,,,,,,,,,,,,,,,,,,,,,,,,,,,,,,,,,,,,,,,,,,,,,,,,,,,,,,,,,,,,,,,,,,,,,,,,,,,,,,,,,,,,,,,,,,,,,,,,,,,,
41.680740148,HOMICIDE,,,,,,,,,,,,,,,,,,,,,,,,,,,,,,,,,,,,,,,,,,,,,,,,,,,,,,,,,,,,,,,,,,,,,,,,,,,,,,,,,,,,,,,,,,,,,,,,,,,,,,,,,,,,,,,,,,,,,,,,,,,,,,,,,,,,,,,,,,,,,,,,,,,,,,,,,,,,,,,,,,,,,,,,,,,,,,,,,,,,,,,,,,,,,,,,,,,,,,,,,,,,,,,,,,,,,,,,,,,,,,,,,,,,,,,,,,,,,,,,,,,,,,,,,,,,,,,,,,,,,,,,,,,,,,,,,,,,,,,,,,,,,,,,,,,,,,,,,,,,,,,,,,,,,,,,,,,,,,,,,,,,,,,,,,,,,,,,,,,,,,,,,,,,,,,,,,,,,,,,,,,,,,,,,,,,,,,,,,,,,,,,,,,,,,,,,,,,,,,,,,,,,,,,,,,,,,,,,,,,,,,,,,,,,,,,,,,,,,,,,,,,,,,,,,,,,,,,,,,,,,,,,,,,,,,,,,,,,,,,,,,,,,,,,,,,,,,,,,,,,,,,,,,,,,,,,,,,,,,,,,,,,,,,,,,,,,,,,,,,,,,,,,,,,,,,,,,,,,,,,,,,,,,,,,,,,,,,,,,,,,,,,,,,,,,,,,,,,,,,,,,,,,,,,,,,,,,,,,,,,,,,,,,,,,,,,,,,,,,,,,,,,,,,,,,,,,,,,,,,,,,,,,,,,,,,,,,,,,,,,,,,,,,,,,,,,,,,,,,,,,,,,,,,,,,,,,,,,,,,,,,,,,,,,,,,,,,,,,,,,,,,,,,,,,,,,,,,,,,,,,,,,,,,,,,,,,,,,,,,,,,,,,,,,,,,,,,,,,,,,,,,,,,,,
